PRAGMA foreign_keys = ON;

INSERT INTO Person (personID, name, birthDate, nationality, gender) VALUES
(30379833, 'Maria Silva', '1987-03-12', 'Portuguese', 'F'),
(30379834, 'João Martins', '1990-07-25', 'Portuguese', 'M'),
(30379835, 'Ana Costa', '1995-01-18', 'Brazilian', 'F'),
(30379836, 'Bruno Almeida', '1983-11-03', 'Portuguese', 'M'),
(30379837, 'Carla Ribeiro', '1989-05-22', 'Portuguese', 'F'),
(30379838, 'Pedro Sousa', '1992-09-10', 'Spanish', 'M'),
(30379839, 'Inês Carvalho', '1999-02-14', 'Portuguese', 'F'),
(30379840, 'Ricardo Oliveira', '1986-08-09', 'Portuguese', 'M'),
(30379841, 'Sara Ferreira', '1993-04-27', 'Brazilian', 'F'),
(30379842, 'Miguel Santos', '1981-12-06', 'Portuguese', 'M'),
(30379843, 'Sofia Rocha', '1997-06-01', 'American', 'F'),
(30379844, 'Tiago Barros', '1984-03-30', 'Portuguese', 'M'),
(30379845, 'Patrícia Nunes', '1991-11-20', 'Canadian', 'F'),
(30379846, 'Fábio Teixeira', '1994-07-15', 'Portuguese', 'M'),
(30379847, 'Helena Pinto', '1982-10-04', 'Spanish', 'F'),
(30379848, 'Daniel Correia', '1988-01-07', 'Portuguese', 'M'),
(30379849, 'Rita Campos', '1996-05-28', 'Portuguese', 'F'),
(30379850, 'Luís Monteiro', '1985-09-17', 'Portuguese', 'M'),
(30379851, 'Cláudia Fonseca', '1998-12-12', 'Italian', 'F'),
(30379852, 'Hugo Matos', '1993-03-01', 'Portuguese', 'M'),
(30379853, 'Beatriz Cunha', '1994-06-11', 'French', 'F'),
(30379854, 'Gonçalo Lopes', '1987-01-23', 'Portuguese', 'M'),
(30379855, 'Mariana Guerreiro', '1990-10-10', 'Portuguese', 'F'),
(30379856, 'Eduardo Castro', '1979-04-05', 'Brazilian', 'M'),
(30379857, 'Joana Moreira', '1986-08-13', 'Portuguese', 'F'),
(30379858, 'Rafael Dias', '1999-02-02', 'Portuguese', 'M'),
(30379859, 'Teresa Figueiredo', '1983-09-21', 'Portuguese', 'F'),
(30379860, 'Alexandre Morais', '1991-07-07', 'Portuguese', 'M'),
(30379861, 'Paula Azevedo', '1988-11-29', 'Portuguese', 'F'),
(30379862, 'Nuno Carvalho', '1985-05-16', 'Portuguese', 'M'),
(30379863, 'Sara Seabra', '2006-03-31', 'Portuguese', 'F');


INSERT INTO Event (eventID, theme, startDate, endDate) VALUES
(6001, 'Escultura Portuguesa do Século XIX', '2025-01-10', '2025-06-10'),
(6002, 'Naturalismo Português – Movimento Artístico', '2025-03-01', '2025-08-01'),
(6003, 'Aurélia de Sousa – A Força do Retrato', '2025-04-15', '2025-09-15'),
(6004, 'Arte Contemporânea no Porto', '2025-06-01', '2025-10-01'),
(6005, 'Coleção Permanente – Mestres da Pintura', '2025-01-05', '2025-12-31'),
(6006, 'Cerâmica e Arte Decorativa Portuguesa', '2025-07-01', '2025-12-01'),
(6007, 'Fotografia Artística – Novas Perspetivas', '2025-02-20', '2025-05-20'),
(6008, 'Do Barroco ao Neoclássico', '2025-03-10', '2025-07-30'),
(6009, 'Escultura Monumental – Soares dos Reis', '2025-05-01', '2025-11-01'),
(6010, 'Pintura Moderna – O Caminho para o Abstrato', '2025-09-01', '2026-01-15');


INSERT INTO Warehouse (warehouseID, location, storage) VALUES
(8001, 'Armazém Central de Conservação – Porto', 250),
(8002, 'Depósito Técnico de Restauro – Vila Nova de Gaia', 120),
(8003, 'Reserva Técnica Climatizada – Maia', 300);

INSERT INTO Room (roomID, roomNumber, floor) VALUES
(9001, '1.01', 1),
(9002, '1.02', 1),
(9003, '2.01', 2),
(9004, '2.02', 2),
(9005, '3.01', 3),
(9006, '3.02', 3),
(9007, '4.01', 4),
(9008, '4.02', 4),
(9009, '5.01', 5),
(9010, '5.02', 5);

INSERT INTO VisitPack (packID, name, price, description) VALUES
(7001, 'Entrada Individual', 8.00, 'Visita geral às coleções permanentes do museu'),
(7002, 'Pack Família', 18.00, 'Entrada para 2 adultos e até 2 crianças, inclui visita guiada básica'),
(7003, 'Estudante e Professor', 4.00, 'Desconto especial mediante apresentação de cartão escolar'),
(7004, 'Visita Guiada Premium', 15.00, 'Tour guiado com curador e acesso a áreas técnicas selecionadas'),
(7005, 'Pack Amigos do Museu', 30.00, 'Livre acesso durante um ano às coleções permanentes e eventos'),
(7006, 'Pack Grupo Escolar', 25.00, 'Entrada para grupos até 15 alunos, inclui material educativo');

INSERT INTO Feedback (feedbackID, packRating, opinion, suggestions) VALUES
(10001, 5, 'Excelente experiência, visita guiada muito enriquecedora.', 'Criar mais sessões interativas com o público.'),
(10002, 4, 'Coleções muito interessantes e staff muito simpático.', 'Adicionar legendas multimédia em mais idiomas.'),
(10003, 3, 'Boa visita, mas demasiada gente na sala de escultura.', 'Limitar o número de visitantes por horário.'),
(10004, 5, 'O tour premium foi fantástico, adorei conhecer os bastidores.', 'Oferecer também visita técnica de restauro.'),
(10005, 2, 'Esperava mais conteúdo educativo para crianças.', 'Melhorar atividades lúdicas durante o tour familiar.'),
(10006, 4, 'Museu lindíssimo e bem organizado.', 'Criar app móvel com audioguia.'),
(10007, 1, 'Muito tempo de espera e pouca explicação durante a visita.', 'Mais guias disponíveis e horários mais flexíveis.'),
(10008, 5, 'Ambiente incrível, exposições impressionantes.', 'Incluir workshop artístico nos packs especiais.'),
(10009, 3, 'Visita agradável, mas preço um pouco elevado.', 'Criar descontos para residentes locais.'),
(10010, 4, 'Bom equilíbrio entre arte contemporânea e clássica.', 'Trazer mais exposições temporárias internacionais.'),
(10011, 5, 'Visita extraordinária, aprendi imenso sobre os artistas portugueses.', 'Disponibilizar mais conteúdos online após a visita.'),
(10012, 4, 'Gostei muito da exposição de escultura, espaço bem organizado.', 'Colocar mais bancos nas salas para poder apreciar com calma.'),
(10013, 3, 'Experiência interessante, mas a sinalética podia ser mais clara.', 'Melhorar a orientação dentro do museu com mapas e placas.'),
(10014, 2, 'Algumas salas estavam muito frias, tornou a visita desconfortável.', 'Ajustar a climatização nas salas com mais público.'),
(10015, 5, 'Visita guiada com explicações muito cativantes.', 'Criar visitas temáticas focadas em um único artista.'),
(10016, 4, 'Boa relação qualidade/preço, recomendo a amigos.', 'Criar um cartão de fidelização para visitantes frequentes.'),
(10017, 1, 'Tive dificuldade em encontrar parque e o horário não era claro.', 'Melhorar a informação no site e na comunicação externa.'),
(10018, 3, 'Gostei das obras, mas esperava mais interatividade.', 'Adicionar ecrãs táteis ou experiências multimédia.'),
(10019, 5, 'Espaço muito acolhedor e staff extremamente prestável.', 'Manter este nível de atendimento nas futuras visitas.'),
(10020, 4, 'Visita em grupo bem gerida e sem filas grandes.', 'Oferecer packs específicos para grupos sénior.'),
(10021, 5, 'Fiquei impressionado com a obra “Cais do Porto”, uma das melhores paisagens que já vi.', 'Criar uma área multimédia sobre o processo criativo.'),
(10022, 4, 'A escultura “Cabeça Feminina” é fantástica, muito detalhada.', 'Gostaria de ver mais explicações sobre técnicas de escultura.'),
(10023, 5, 'A pintura “Composição Circular” foi o ponto alto da visita.', 'Organizar uma exposição dedicada ao modernismo abstrato.'),
(10024, 3, 'Gostei muito de “Aldeia de Montanha”, mas a sala estava demasiado cheia.', 'Dividir horários para reduzir afluência.'),
(10025, 4, 'A obra “Cena Doméstica” transmite uma paz incrível.', 'Adicionar bancos nas salas de exposição.'),
(10026, 2, 'A escultura “Figura Sentada” não estava bem iluminada.', 'Melhorar a iluminação específica da sala.'),
(10027, 5, 'Adorei a pintura “Retrato com Xale Azul”, execução impecável.', 'Criar um catálogo digital com detalhes de restauro.'),
(10028, 4, 'A minha peça preferida foi “Cabeça Clássica”.', 'Incluir vídeos curtos com contexto histórico.'),
(10029, 3, 'Achei “Pomar Florido” interessante, mas não havia guia disponível.', 'Disponibilizar audioguia gratuito via smartphone.'),
(10030, 5, 'A escultura “Figura Clássica” é das mais bonitas do acervo.', 'Colocar QR codes com descrição técnica.'),
(10031, 4, '“Aldeia Serrana” é de uma serenidade extraordinária.', 'Criar um pack turístico associado a locais representados na pintura.'),
(10032, 3, 'Gostei de ver “Estudo de Figura”, obra forte, mas estava em manutenção.', 'Indicar com antecedência que obras estão indisponíveis.'),
(10033, 5, '“Vista de Vila Nova de Gaia” despertou muita nostalgia.', 'Expor mais obras ligadas ao património do Porto.'),
(10034, 4, '“Mar ao Entardecer” tem cores deslumbrantes.', 'Criar workshops de pintura inspirados na paisagem natural.'),
(10035, 2, 'A sala onde estava “Igreja de Aldeia” era fria e desconfortável.', 'Melhorar climatização e conforto térmico.'),
(10036, 5, 'A escultura “Perfil de Jovem” transmite grande delicadeza emocional.', 'Promover uma exposição apenas de esculturas realistas.');


INSERT INTO Person (personID, name, birthDate, nationality, gender) VALUES
(30379923, 'António Soares dos Reis', '1847-10-14', 'Portuguese', 'M'),
(30379864, 'António Carvalho de Silva Porto', '1850-11-11', 'Portuguese', 'M'),
(30379865, 'João Marques de Oliveira', '1853-10-31', 'Portuguese', 'M'),
(30379866, 'Aurélia de Sousa', '1866-06-13', 'Portuguese', 'F'),
(30379867, 'Henrique Pousão', '1859-01-01', 'Portuguese', 'M'),
(30379868, 'António Teixeira Lopes', '1866-10-27', 'Portuguese', 'M'),
(30379869, 'Miguel Ângelo Lupi', '1826-05-08', 'Portuguese', 'M'),
(30379870, 'Vieira Portuense', '1765-10-02', 'Portuguese', 'M'),
(30379871, 'Domingos Sequeira', '1768-03-10', 'Portuguese', 'M'),
(30379872, 'Columbano Bordalo Pinheiro', '1857-11-21', 'Portuguese', 'M'),
(30379873, 'José Malhoa', '1855-04-15', 'Portuguese', 'M'),
(30379874, 'Marta Ortigão Sampaio', '1897-12-04', 'Portuguese', 'F'),
(30379875, 'Sónia Delaunay', '1885-11-14', 'French/Ukrainian', 'F'),
(30379876, 'Eduardo Viana', '1881-11-28', 'Portuguese', 'M'),
(30379877, 'Dórdio Gomes', '1890-06-14', 'Portuguese', 'M'),
(30379878, 'Abel Salazar', '1889-07-19', 'Portuguese', 'M'),
(30379913, 'António Carneiro', '1872-09-16', 'Portuguese', 'M'),
(30379914, 'Aurélio da Paz dos Reis', '1862-07-30', 'Portuguese', 'M'),
(30379915, 'Abel Manta', '1888-10-12', 'Portuguese', 'M'),
(30379916, 'Acácio Lino', '1884-12-05', 'Portuguese', 'M'),
(30379917, 'Eduardo Malta', '1900-04-16', 'Portuguese', 'M'),
(30379918, 'Carlos Carneiro', '1912-04-03', 'Portuguese', 'M'),
(30379919, 'Julio Resende', '1917-10-23', 'Portuguese', 'M'),
(30379920, 'Nadir Afonso', '1920-12-04', 'Portuguese', 'M'),
(30379921, 'Maria Helena Vieira da Silva', '1908-06-13', 'Portuguese', 'F'),
(30379922, 'Sarah Affonso', '1899-07-13', 'Portuguese', 'F');

INSERT INTO Artist (artistID, personID, style, description) VALUES
(1, 30379863, 'Escultura Realista', 'Considerado um dos maiores escultores portugueses do século XIX, autor da estátua O Desterrado.'),
(2, 30379864, 'Naturalismo', 'Pintor fundamental do naturalismo português, influenciado pela escola francesa.'),
(3, 30379865, 'Naturalismo Académico', 'Pintor portuense que contribuiu fortemente para o ensino da arte em Portugal.'),
(4, 30379866, 'Realismo/Simbolismo', 'Pintora portuense notável por obras com grande intensidade psicológica e identidade feminina.'),
(5, 30379867, 'Naturalismo', 'Pintor com produção curta mas marcante, faleceu prematuramente aos 25 anos.'),
(6, 30379868, 'Escultura', 'Escultor monumental nascido em Vila Nova de Gaia, autor de obras públicas icónicas.'),
(7, 30379869, 'Realismo Romântico', 'Importante retratista português do século XIX, conhecido pela força psicológica das figuras.'),
(8, 30379870, 'Neoclassicismo', 'Considerado o primeiro pintor português com formação internacional estruturada.'),
(9, 30379871, 'Neoclassicismo e Romantismo', 'Um dos maiores pintores portugueses do final do século XVIII e início do XIX.'),
(10, 30379872, 'Realismo', 'Fundamental retratista do realismo português, irmão de Rafael Bordalo Pinheiro.'),
(11, 30379873, 'Naturalismo', 'Figura central do naturalismo português e autor de grandes obras populares.'),
(12, 30379874, 'Colecionismo e Curadoria', 'Importante figura ligada ao Porto, defensora das artes e criadora de acervos significativos.'),
(13, 30379875, 'Abstracionismo/Orfismo', 'Artista internacional ligada a Portugal e ao modernismo europeu.'),
(14, 30379876, 'Modernismo Português', 'Pintor ligado ao movimento modernista e influenciado por Paris e Amadeo de Souza-Cardoso.'),
(15, 30379877, 'Paisagismo Moderno', 'Dedicou-se especialmente à pintura de paisagem e ao ensino artístico.'),
(16, 30379878, 'Expressionismo Científico', 'Cientista e artista portuense, com obra marcada pela figura humana e crítica social.'),
(17, 30379913, 'Simbolismo', 'Pintor portuense conhecido pela espiritualidade e emotividade das suas obras.'),
(18, 30379914, 'Fotografia / Documentário', 'Pioneiro do cinema português e fotógrafo documental da cidade do Porto.'),
(19, 30379915, 'Retrato e Naturalismo Moderno', 'Reconhecido pela maestria no retrato e realismo expressivo.'),
(20, 30379916, 'Naturalismo', 'Pintor dedicado a grandes composições históricas e temas rurais.'),
(21, 30379917, 'Retrato Clássico', 'Conhecido por retratos sociais e académicos no início do século XX.'),
(22, 30379918, 'Neorrealismo', 'Pintor com forte expressão social e crítica humanista.'),
(23, 30379919, 'Modernismo e Pintura Mural', 'Artista plástico do Porto ligado à renovação da arte pública.'),
(24, 30379920, 'Geométrico-Abstrato', 'Figura marcante do modernismo geométrico português.'),
(25, 30379921, 'Abstracionismo Lírico', 'Uma das maiores figuras da arte portuguesa do século XX, com carreira internacional.'),
(26, 30379922, 'Modernismo', 'Pintora ligada ao modernismo português e referência no retrato feminino e na cultura popular.');

INSERT INTO Person (personID, name, birthDate, nationality, gender) VALUES
(30379879, 'Helena Marques', '1980-04-12', 'Portuguese', 'F'),
(30379880, 'Ricardo Tavares', '1978-07-30', 'Portuguese', 'M'),
(30379881, 'Sofia Gonçalves', '1990-01-22', 'Portuguese', 'F'),
(30379882, 'Paulo Ferreira', '1985-02-18', 'Portuguese', 'M'),
(30379883, 'Mariana Figueiredo', '1993-11-02', 'Portuguese', 'F'),
(30379884, 'Luís Rodrigues', '1976-09-05', 'Portuguese', 'M'),
(30379885, 'Catarina Moreira', '1988-06-14', 'Portuguese', 'F'),
(30379886, 'Ana Matos', '1995-08-11', 'Portuguese', 'F'),
(30379887, 'Rui Santos', '1982-03-19', 'Portuguese', 'M'),
(30379888, 'Paulo Sousa', '1979-12-08', 'Portuguese', 'M'),
(30379889, 'Carlos Pinto', '1987-07-27', 'Portuguese', 'M'),
(30379890, 'Joana Correia', '1991-02-14', 'Portuguese', 'F'),
(30379891, 'Marta Duarte', '1986-05-30', 'Portuguese', 'F'),
(30379892, 'Diogo Machado', '1994-10-22', 'Portuguese', 'M');

INSERT INTO Staff (staffID, personID, salary, contractStart, contractEnd, curriculumVitae) VALUES
(1, 30379879, 2200.00, '2020-01-10', NULL, 'Diretora do museu, responsável por gestão estratégica e curadoria geral.'),
(2, 30379880, 1800.00, '2019-03-15', NULL, 'Coordenador de Conservação e Restauro, especialista em escultura e cerâmica.'),
(3, 30379881, 1500.00, '2021-05-01', NULL, 'Gestora de Comunicação e Marketing Cultural.'),
(4, 30379882, 1300.00, '2023-02-20', NULL, 'Técnico de montagem e logística de exposições.'),
(5, 30379883, 1600.00, '2022-10-05', NULL, 'Curadora adjunta, responsável por exposições temporárias e pesquisa artística.'),
(6, 30379884, 1650.00, '2018-09-01', NULL, 'Coordenador financeiro e administrativo.'),
(7, 30379885, 1200.00, '2024-01-03', NULL, 'Assistente de atendimento ao público e bilhética.'),
(8, 30379886, 1450.00, '2023-06-12', '2025-06-12', 'Guia cultural especializada em arte portuguesa do século XIX.'),
(9, 30379887, 1100.00, '2022-01-12', NULL, 'Segurança de sala e controlo de acessos, experiência em eventos culturais.'),
(10, 30379888, 1150.00, '2021-09-03', NULL, 'Supervisor de segurança, responsável por turnos e coordenação de equipas.'),
(11, 30379889, 1050.00, '2023-04-21', NULL, 'Segurança de vigilância eletrónica e controlo de CCTV.'),
(12, 30379890, 1050.00, '2023-11-10', NULL, 'Segurança de apoio em eventos e assistência ao público.'),
(13, 30379891, 1080.00, '2024-02-01', NULL, 'Segurança de proteção ao património, formação em primeiros socorros.'),
(14, 30379892, 1100.00, '2022-07-07', NULL, 'Segurança de ronda noturna e monitorização de alarmes.');

INSERT INTO Visitor (visitorID, personID, email, phoneNumber) VALUES
(5001, 30379833, 'maria.silva@mail.com', 913456781),
(5002, 30379834, 'joao.martins@mail.com', 914223678),
(5003, 30379835, 'ana.costa@mail.com', 932118745),
(5004, 30379836, 'bruno.almeida@mail.com', 965334512),
(5005, 30379837, 'carla.ribeiro@mail.com', 922457891),
(5006, 30379838, 'pedro.sousa@mail.com', 915882341),
(5007, 30379839, 'ines.carvalho@mail.com', 938772165),
(5008, 30379840, 'ricardo.oliveira@mail.com', 936551204),
(5009, 30379841, 'sara.ferreira@mail.com', 913772908),
(5010, 30379842, 'miguel.santos@mail.com', 932654887),
(5011, 30379843, 'sofia.rocha@mail.com', 967421358),
(5012, 30379844, 'tiago.barros@mail.com', 934581267),
(5013, 30379845, 'patricia.nunes@mail.com', 927443871),
(5014, 30379846, 'fabio.teixeira@mail.com', 919882136),
(5015, 30379847, 'helena.pinto@mail.com', 935225910),
(5016, 30379848, 'daniel.correia@mail.com', 926334120),
(5017, 30379849, 'rita.campos@mail.com', 968552341),
(5018, 30379850, 'luis.monteiro@mail.com', 911678450),
(5019, 30379851, 'claudia.fonseca@mail.com', 939722610),
(5020, 30379852, 'hugo.matos@mail.com', 968004593),
(5021, 30379853, 'beatriz.cunha@mail.com', 923118660),
(5022, 30379854, 'goncalo.lopes@mail.com', 937546210),
(5023, 30379855, 'mariana.guerreiro@mail.com', 969113427),
(5024, 30379856, 'eduardo.castro@mail.com', 934782215),
(5025, 30379857, 'joana.moreira@mail.com', 965771309),
(5026, 30379858, 'rafael.dias@mail.com', 922860144),
(5027, 30379859, 'teresa.figueiredo@mail.com', 915202668),
(5028, 30379860, 'alexandre.morais@mail.com', 963885402),
(5029, 30379861, 'paula.azevedo@mail.com', 933456721),
(5030, 30379862, 'nuno.carvalho@mail.com', 917622894),
(5031, 30379863, 'sara.seabra@gmail.com', 964195197);

INSERT INTO Section (sectionID, eventID) VALUES
(70001, 6001),
(70002, 6002),
(70003, 6003),
(70004, 6004),
(70005, 6005),
(70006, 6006),
(70007, 6007),
(70008, 6008),
(70009, 6009),
(70010, 6010);

INSERT INTO ArtRoom (roomID, capacity, sectionID) VALUES
(9001, 40, 70001),
(9002, 35, 70002),
(9003, 45, 70003),
(9004, 30, 70004),
(9005, 60, 70005),
(9006, 50, 70006),
(9007, 28, 70007);

INSERT INTO Office (roomID, n_Computers) VALUES
(9008, 4),
(9009, 6),
(9010, 3);

INSERT INTO ArtWork (pieceID, title, description, type, state, artistID, warehouseID, roomID) VALUES
('MNSR01', 'O Desterrado', 'Escultura icónica de Soares dos Reis', 'Sculpture', 'InUse', 1, NULL, 9001),
('MNSR02', 'Cabeça de Rapaz', 'Estudo de expressão humana', 'Sculpture', 'Stored', 1, 8001, NULL),
('MNSR03', 'A Rosa', 'Óleo sobre tela representando luz naturalista', 'Painting', 'InUse', 2, NULL, 9002),
('MNSR04', 'Paisagem de Outono', 'Representação naturalista ao ar livre', 'Painting', 'Stored', 2, 8002, NULL),
('MNSR05', 'Retrato de Senhora', 'Retrato psicológico profundamente expressivo', 'Painting', 'InUse', 3, NULL, 9003),
('MNSR06', 'Interior de Atelier', 'Obra académica com grande detalhe', 'Painting', 'Maintenance', 3, 8003, NULL),
('MNSR07', 'Auto-retrato', 'Retrato simbólico e íntimo', 'Painting', 'InUse', 4, NULL, 9004),
('MNSR08', 'As Meninas', 'Cena doméstica com simbolismo', 'Painting', 'Stored', 4, 8001, NULL),
('MNSR09', 'O Beijo', 'Expressão emocional e romantismo', 'Painting', 'InUse', 5, NULL, 9005),
('MNSR10', 'Máscara de Mulher', 'Escultura em bronze de caráter simbólico', 'Sculpture', 'Stored', 6, 8002, NULL),
('MNSR11', 'Retrato de Sua Majestade', 'Retrato romântico oficial', 'Painting', 'InUse', 7, NULL, 9006),
('MNSR12', 'Retrato Clássico', 'Influência do romantismo europeu', 'Painting', 'Stored', 8, 8003, NULL),
('MNSR13', 'A Adoração dos Magos', 'Grande composição histórica', 'Painting', 'Stored', 9, 8001, NULL),
('MNSR14', 'Retrato de Antero de Quental', 'Intensão psicológica profunda', 'Painting', 'InUse', 10, NULL, 9007),
('MNSR15', 'Os Bêbados', 'Cena popular naturalista', 'Painting', 'Stored', 11, 8002, NULL),
('MNSR16', 'Retrato de Mulher', 'Expressionismo sentimental', 'Painting', 'Maintenance', 12, 8003, NULL),
('MNSR17', 'Ritmos de Cor', 'Exploração abstracionista do movimento', 'Painting', 'Stored', 13, 8001, NULL),
('MNSR18', 'Praia no Norte', 'Paisagem modernista luminosa', 'Painting', 'InUse', 14, NULL, 9002),
('MNSR19', 'Ribeira do Porto', 'Enquadramento realista urbano', 'Painting', 'Stored', 15, 8002, NULL),
('MNSR20', 'Ciência e Humanidade', 'Obra simbólica e crítica social', 'Painting', 'Maintenance', 16, 8003, NULL),
('MNSR21', 'O Desterrado', 'Escultura em mármore, obra-prima de Soares dos Reis e peça emblemática do museu.', 'Sculpture', 'InUse', 1, NULL, 9001),
('MNSR22', 'Flor Agreste', 'Escultura em mármore referida como pertencente ao Museu Nacional Soares dos Reis.', 'Sculpture', 'Stored', 1, 8001, NULL),
('MNSR23', 'Caim', 'Escultura de forte dramatismo expressivo, presente no MNSR.', 'Sculpture', 'InUse', 1, NULL, 9001),
('MNSR24', 'Condessa de Vinhó e Almedina', 'Escultura em mármore da coleção de escultura do MNSR.', 'Sculpture', 'Stored', 1, 8002, NULL),
('MNSR25', 'As margens do Oise, em Auvers (Seine-et-Oise)', 'Paisagem naturalista, listada com coleção no Museu Nacional de Soares dos Reis.', 'Painting', 'Stored', 2, 8001, NULL),
('MNSR26', 'Paisagem Representando a Planície', 'Paisagem de 1876, registada com coleção no MNSR.', 'Painting', 'InUse', 2, NULL, 9002),
('MNSR27', 'Pequeno Esboço de Paisagem', 'Pequeno estudo de paisagem, pintura de Silva Porto no MNSR.', 'Painting', 'Stored', 2, 8002, NULL),
('MNSR28', 'Un Petit Malheur', 'Obra de 1878 apontada como pertencente ao Museu Nacional de Soares dos Reis.', 'Painting', 'Stored', 2, 8003, NULL),
('MNSR29', 'Cancela Vermelha', 'Obra destacada pelo MNSR numa iniciativa “Descobrimos a Cancela Vermelha de Silva Porto”.', 'Painting', 'InUse', 2, NULL, 9003),
('MNSR30', 'Interior (costureiras trabalhando)', 'Óleo de 1884, peça importante da coleção de pintura do MNSR.', 'Painting', 'InUse', 3, NULL, 9004),
('MNSR31', 'Retrato de Soares dos Reis', 'Retrato pintado por Marques de Oliveira, identificado como pintura no MNSR.', 'Painting', 'Stored', 3, 8003, NULL),
('MNSR32', 'Um trecho do rio Vizela', 'Paisagem de 1886 representada na coleção do MNSR.', 'Painting', 'Stored', 3, 8001, NULL),
('MNSR33', 'Visitação', 'Pintura religiosa de 1893, listada com coleção no Museu Nacional de Soares dos Reis.', 'Painting', 'InUse', 4, NULL, 9005),
('MNSR34', 'Autorretrato (casaco vermelho)', 'Autorretrato c.1900, óleo sobre tela, inventário 878 Pin MNSR.', 'Painting', 'InUse', 4, NULL, 9006),
('MNSR35', 'Cena familiar', 'Cena de quotidiano familiar, referida na lista com coleção MNSR.', 'Painting', 'Stored', 4, 8002, NULL),
('MNSR36', 'Estudo (Mãos da Artista)', 'Estudo em óleo sobre tela, inv. 706 Pin MNSR.', 'Painting', 'Maintenance', 4, 8001, NULL),
('MNSR37', 'Descida da Cruz', 'Obra de Domingos Sequeira exposta no Museu Nacional de Soares dos Reis.', 'Painting', 'InUse', 9, NULL, 9007),
('MNSR38', 'Cecilia', 'Pintura de 1882 de Henrique Pousão, destacada na apresentação do MNSR.', 'Painting', 'Stored', 5, 8003, NULL),
('MNSR39', 'Senhora Vestida de Preto', 'Pintura de Henrique Pousão (1882) considerada uma das obras-chave do MNSR.', 'Painting', 'InUse', 5, NULL, 9005),
('MNSR40', 'Casas Brancas de Capri', 'Paisagem de Henrique Pousão (1882) onde domina a luz mediterrânica.', 'Painting', 'Stored', 5, 8001, NULL),
('MNSR41', 'Flor Agreste', 'Escultura de António Soares dos Reis, pertencente ao acervo do MNSR.', 'Sculpture', 'InUse', 1, NULL, 9001),
('MNSR42', 'Infância de Caim', 'Escultura de António Teixeira Lopes (1890) representativa da transição naturalista.', 'Sculpture', 'Stored', 6, 8002, NULL),
('MNSR43', 'Autorretrato (casaco vermelho)', 'Pintura de Aurélia de Sousa, circa 1900, inv. 878 Pin MNSR.', 'Painting', 'InUse', 4, NULL, 9006),
('MNSR44', 'Visitação', 'Pintura de Aurélia de Sousa (1893) da coleção do MNSR.', 'Painting', 'Stored', 4, 8003, NULL),
('MNSR45', 'Retrato de Soares dos Reis', 'Pintura de João Marques de Oliveira, retratando o escultor-patrono do museu.', 'Painting', 'InUse', 3, NULL, 9004),
('MNSR46', 'Interior (costureiras trabalhando)', 'Óleo de João Marques de Oliveira (1884) da coleção do MNSR.', 'Painting', 'Stored', 3, 8001, NULL),
('MNSR47', 'Retrato de Antero de Quental', 'Pintura de Alexandre Morais, representativa da produção portuguesa moderna.', 'Painting', 'Stored', 16, 8002, NULL),
('MNSR48', 'Ritmos de Cor', 'Pintura de Sónia Delaunay, inserida no âmbito da coleção modernista portuguesa.', 'Painting', 'InUse', 13, NULL, 9002),
('MNSR49', 'Paisagem de Outono', 'Pintura de António Carvalho de Silva Porto, pertencente ao acervo do MNSR.', 'Painting', 'Stored', 2, 8003, NULL),
('MNSR50', 'Pequeno Esboço de Paisagem', 'Estudo de paisagem de Silva Porto, coleção MNSR.', 'Painting', 'InUse', 2, NULL, 9003),
('MNSR51', 'Estudo de Mãos', 'Estudo anatómico detalhado em mármore.', 'Sculpture', 'Stored', 1, 8001, NULL),
('MNSR52', 'Perfil de Jovem', 'Escultura retratando expressão juvenil.', 'Sculpture', 'Maintenance', 1, 8002, NULL),
('MNSR53', 'Cabeça Clássica', 'Peça estudantil de tradição greco-romana.', 'Sculpture', 'Stored', 1, 8003, NULL),
('MNSR54', 'Pastores no Vale', 'Paisagem naturalista com figuras rurais.', 'Painting', 'InUse', 2, NULL, 9001),
('MNSR55', 'Ribeira no Inverno', 'Paisagem atmosférica em tons frios.', 'Painting', 'Stored', 2, 8001, NULL),
('MNSR56', 'Pomar Florido', 'Natureza colorida e primaveril.', 'Painting', 'Maintenance', 2, 8002, NULL),
('MNSR57', 'Margens do Douro', 'Estudo de rio sob luz intensa.', 'Painting', 'Stored', 2, 8003, NULL),
('MNSR58', 'Jardim Interior', 'Cena intimista com ambiente doméstico.', 'Painting', 'InUse', 3, NULL, 9002),
('MNSR59', 'Retrato de Menina', 'Retrato académico feminino.', 'Painting', 'Stored', 3, 8001, NULL),
('MNSR60', 'Mulher com Leque', 'Retrato elegante de inspiração parisiense.', 'Painting', 'Stored', 3, 8002, NULL),
('MNSR61', 'Costureira Sentada', 'Composição realista de interior doméstico.', 'Painting', 'Maintenance', 3, 8003, NULL),
('MNSR62', 'Jardim ao Entardecer', 'Ambiente poético ao fim do dia.', 'Painting', 'InUse', 4, NULL, 9003),
('MNSR63', 'Rapariga com Gato', 'Retrato melancólico figurativo.', 'Painting', 'Stored', 4, 8001, NULL),
('MNSR64', 'Irmãs', 'Composição afetiva com duas jovens.', 'Painting', 'Stored', 4, 8002, NULL),
('MNSR65', 'Cena Doméstica', 'Representação do quotidiano.', 'Painting', 'Maintenance', 4, 8003, NULL),
('MNSR66', 'Cais do Porto', 'Paisagem portuária com figuras.', 'Painting', 'InUse', 5, NULL, 9004),
('MNSR67', 'Interior Sombrio', 'Pintura moderna de ambiente dramático.', 'Painting', 'Stored', 5, 8001, NULL),
('MNSR68', 'Jardim com Colunas', 'Experimentação de luz e cor.', 'Painting', 'Maintenance', 5, 8002, NULL),
('MNSR69', 'Retrato Masculino', 'Composição psicológica intensa.', 'Painting', 'Stored', 5, 8003, NULL),
('MNSR70', 'Retrato de Estudante', 'Busto masculino em gesso.', 'Sculpture', 'Stored', 6, 8002, NULL),
('MNSR71', 'Figura Sentada', 'Composição de estudo anatómico.', 'Sculpture', 'Maintenance', 6, 8003, NULL),
('MNSR72', 'Cabeça Feminina', 'Retrato idealizado feminino.', 'Sculpture', 'Stored', 6, 8001, NULL),
('MNSR73', 'Retrato de Cavalheiro', 'Retrato burguês do século XIX.', 'Painting', 'InUse', 7, NULL, 9005),
('MNSR74', 'Estudo de Luz', 'Tema religioso com uso complexo de luz.', 'Painting', 'Stored', 7, 8003, NULL),
('MNSR75', 'Vista de Roma', 'Paisagem arquitetónica italiana.', 'Painting', 'Stored', 8, 8002, NULL),
('MNSR76', 'O Sonho', 'Pintura simbólica de forte carga emocional, típica de António Carneiro.', 'Painting', 'InUse', 17, NULL, 9001),
('MNSR77', 'Rua do Porto Antigo', 'Registo fotográfico documental da vida urbana do Porto.', 'Photography', 'Stored', 18, 8001, NULL),
('MNSR78', 'Retrato de Senhora Sentada', 'Retrato clássico de forte presença psicológica.', 'Painting', 'InUse', 19, NULL, 9002),
('MNSR79', 'Regresso da Procissão', 'Cena histórica e religiosa num ambiente rural.', 'Painting', 'Stored', 20, 8002, NULL),
('MNSR80', 'Retrato de Oficial', 'Retrato académico de figura militar.', 'Painting', 'Maintenance', 21, 8003, NULL),
('MNSR81', 'Operários na Fábrica', 'Composição neorrealista de temática social.', 'Painting', 'Stored', 22, 8001, NULL),
('MNSR82', 'Painel do Rio', 'Estudo para pintura mural com vista sobre o rio.', 'Painting', 'InUse', 23, NULL, 9003),
('MNSR83', 'Estrutura Geométrica Azul', 'Composição abstrata baseada em formas rigorosas.', 'Painting', 'Stored', 24, 8002, NULL),
('MNSR84', 'Cidade Fragmentada', 'Pintura abstrata lírica com retículas e transparências.', 'Painting', 'InUse', 25, NULL, 9004),
('MNSR85', 'Mulher com Lenço Vermelho', 'Retrato moderno inspirado na figura feminina e na cultura popular.', 'Painting', 'Stored', 26, 8003, NULL);

INSERT INTO StaffRoomNumber (staffID, roomID) VALUES
(1, 9009),  
(2, 9009),  
(3, 9008),  
(4, 9008),  
(5, 9009),   
(6, 9009),   
(7, 9001),   
(8, 9010),   
(9, 9007),
(10, 9002),
(11, 9003),
(12, 9004),
(13, 9005),
(14, 9006);

INSERT INTO Task (staffID, roomID, name, date, description) VALUES
(1, 9009, 'Reunião de direção', '2025-03-01', 'Avaliação mensal de desempenho e planeamento estratégico.'),
(2, 9009, 'Avaliação de peças restauradas', '2025-03-02', 'Validação de obras finalizadas antes de reentrada em exposição.'),
(3, 9008, 'Campanha Digital', '2025-03-03', 'Lançamento de campanha de divulgação de exposições.'),
(4, 9008, 'Montagem de exposição temporária', '2025-03-05', 'Montagem inicial das obras na ArtRoom 9004.'),
(5, 9009, 'Curadoria da Exposição', '2025-03-06', 'Seleção final das obras e organização interpretativa.'),
(6, 9009, 'Fecho de contas mensal', '2025-03-07', 'Fecho financeiro e relatório orçamental.'),
(7, 9001, 'Gestão de bilhética', '2025-03-08', 'Atualização do sistema de bilhetes e reservas escolares.'),
(8, 9010, 'Visita guiada especial', '2025-03-09', 'Tour guiado para grupo VIP.'),
(9, 9007, 'Ronda matinal', '2025-03-10', 'Verificação de acessos e controlo de segurança.'),
(10, 9002, 'Supervisão de segurança', '2025-03-11', 'Organização dos turnos e verificação de alarmes.'),
(11, 9003, 'Inspeção de equipamentos', '2025-03-12', 'Manutenção básica da sala de restauro e equipamentos técnicos.'),
(12, 9004, 'Ronda noturna', '2025-03-13', 'Vigilância noturna do edifício.'),
(13, 9005, 'Acompanhamento de evento escolar', '2025-03-14', 'Gestão de grupo visitante em atividade educativa.'),
(14, 9006, 'Monitorização CCTV', '2025-03-15', 'Controlo contínuo das câmaras de vigilância.');

INSERT INTO Visit (visitID, visitDate, partySize, discount, visitorID) VALUES
(91001, '2025-01-05', 1, 0.00, 5001),
(91002, '2025-01-06', 2, 0.10, 5002),
(91003, '2025-01-07', 3, 0.15, 5003),
(91004, '2025-01-08', 1, 0.00, 5004),
(91005, '2025-01-09', 2, 0.05, 5005),
(91006, '2025-01-10', 4, 0.20, 5006),
(91007, '2025-01-11', 1, 0.00, 5007),
(91008, '2025-01-12', 2, 0.10, 5008),
(91009, '2025-01-13', 3, 0.15, 5009),
(91010, '2025-01-14', 1, 0.00, 5010),
(91011, '2025-01-15', 2, 0.05, 5011),
(91012, '2025-01-16', 3, 0.10, 5012),
(91013, '2025-01-17', 2, 0.10, 5013),
(91014, '2025-01-18', 1, 0.00, 5014),
(91015, '2025-01-19', 4, 0.20, 5015),
(91016, '2025-01-20', 2, 0.05, 5016),
(91017, '2025-01-21', 3, 0.15, 5017),
(91018, '2025-01-22', 1, 0.00, 5018),
(91019, '2025-01-23', 2, 0.10, 5019),
(91020, '2025-01-24', 3, 0.10, 5020),
(91021, '2025-01-25', 2, 0.05, 5021),
(91022, '2025-01-26', 1, 0.00, 5022),
(91023, '2025-01-27', 3, 0.15, 5023),
(91024, '2025-01-28', 2, 0.10, 5024),
(91025, '2025-01-29', 1, 0.00, 5025),
(91026, '2025-01-30', 4, 0.20, 5026),
(91027, '2025-01-31', 2, 0.05, 5027),
(91028, '2025-02-01', 3, 0.10, 5028),
(91029, '2025-02-02', 1, 0.00, 5029),
(91030, '2025-02-03', 2, 0.10, 5030),
(91031, '2025-02-04', 2, 0.15, 5031),
(91032, '2025-03-01', 1, 0.00, 5001),
(91033, '2025-03-05', 2, 0.10, 5003),
(91034, '2025-03-10', 1, 0.00, 5007),
(91035, '2025-03-12', 3, 0.15, 5010),
(91036, '2025-03-15', 2, 0.05, 5015),
(91037, '2025-03-18', 4, 0.20, 5020),
(91038, '2025-03-20', 2, 0.10, 5025),
(91039, '2025-03-22', 3, 0.15, 5028),
(91040, '2025-03-25', 1, 0.00, 5030),
(91041, '2025-03-28', 2, 0.10, 5031);

INSERT INTO Experience (visitID, packID, feedbackID, eventID) VALUES
(91001, 7001, 10002, 6005),
(91002, 7002, 10005, 6001),
(91003, 7006, 10003, 6002),
(91004, 7004, 10001, 6004),
(91005, 7003, 10006, 6003),
(91006, 7006, 10007, 6007),
(91007, 7005, 10008, 6006),
(91008, 7004, 10004, 6008),
(91009, 7001, 10009, 6009),
(91010, 7001, 10010, 6010),
(91011, 7002, 10005, 6005),
(91012, 7003, 10006, 6003),
(91013, 7004, 10001, 6001),
(91014, 7001, 10002, 6002),
(91015, 7006, 10003, 6007),
(91016, 7005, 10008, 6006),
(91017, 7002, 10005, 6008),
(91018, 7003, 10006, 6004),
(91019, 7001, 10009, 6009),
(91020, 7004, 10004, 6005),
(91021, 7006, 10003, 6002),
(91022, 7005, 10008, 6001),
(91023, 7003, 10006, 6004),
(91024, 7004, 10004, 6003),
(91025, 7002, 10005, 6010),
(91026, 7001, 10002, 6008),
(91027, 7006, 10007, 6009),
(91028, 7003, 10006, 6005),
(91029, 7004, 10001, 6006),
(91030, 7006, 10007, 6007),
(91031, 7001, 10010, 6004),
(91032, 7003, 10006, 6008),
(91033, 7004, 10001, 6005),
(91034, 7005, 10008, 6002),
(91035, 7006, 10007, 6003),
(91036, 7002, 10005, 6001),
(91037, 7003, 10006, 6009),
(91038, 7006, 10003, 6010),
(91039, 7001, 10002, 6006),
(91040, 7005, 10008, 6007),
(91041, 7004, 10004, 6008),
(91001, 7002, 10011, 6001),
(91002, 7003, 10012, 6002),
(91003, 7004, 10013, 6003),
(91004, 7005, 10014, 6004),
(91005, 7006, 10015, 6005),
(91006, 7002, 10016, 6006),
(91007, 7003, 10017, 6007),
(91008, 7005, 10018, 6008),
(91009, 7006, 10019, 6009),
(91010, 7003, 10020, 6010),
(91011, 7001, 10011, 6002),
(91012, 7002, 10012, 6003),
(91013, 7003, 10013, 6004),
(91014, 7004, 10014, 6005),
(91015, 7005, 10015, 6006),
(91016, 7006, 10016, 6007),
(91017, 7001, 10017, 6008),
(91018, 7002, 10018, 6009),
(91019, 7004, 10019, 6001),
(91020, 7006, 10020, 6003);

INSERT INTO Favourite (feedbackID, pieceID) VALUES
(10001, 'MNSR21'),
(10001, 'MNSR33'),
(10002, 'MNSR05'),
(10002, 'MNSR30'),
(10003, 'MNSR01'),
(10004, 'MNSR07'),
(10004, 'MNSR04'),
(10005, 'MNSR03'),
(10006, 'MNSR48'),
(10007, 'MNSR01'),
(10008, 'MNSR30'),
(10008, 'MNSR09'),
(10009, 'MNSR38'),
(10009, 'MNSR02'),
(10010, 'MNSR21'),
(10011, 'MNSR25'),
(10012, 'MNSR36'),
(10013, 'MNSR23'),
(10014, 'MNSR40'),
(10015, 'MNSR14'),
(10016, 'MNSR03'),
(10017, 'MNSR17'),
(10018, 'MNSR48'),
(10019, 'MNSR31'),
(10020, 'MNSR30'),
(10005, 'MNSR18'),
(10011, 'MNSR26'),
(10014, 'MNSR08'),
(10016, 'MNSR37'),
(10020, 'MNSR34');
